"Name","Rank","Superkingdom","Kingdom","Phylum","Class","Order","Family","Genus","Species","LFQ intensity KES1","LFQ intensity KES2","LFQ intensity KES3","LFQ intensity PBS1","LFQ intensity PBS2","LFQ intensity PBS3","LFQ intensity W1","LFQ intensity W2","LFQ intensity W3"
"Bacteria","Superkingdom","Bacteria","","","","","","","","1.65263921084E11","1.57244298154E11","1.68407704419E11","2.3810174674E11","2.28714387407E11","2.21751827961E11","2.2908132316E11","2.205762981E11","2.37054219171E11"
"Prevotella dentalis","Species","Bacteria","","Bacteroidetes","Bacteroidia","Bacteroidales","Prevotellaceae","Prevotella","Prevotella dentalis","4.312696E7","4321470.0","9580200.0","4477240.0","1980700.0","0.0","3442200.0","3739700.0","2346300.0"
"Coriobacteriales","Order","Bacteria","","Actinobacteria","Coriobacteriia","Coriobacteriales","","","","2.274350631E10","2.0546848788E10","2.182916029E10","4.4307822E9","4.309781284E9","4.72155589E9","4.99505475E9","4.6012507E9","3.52258598E9"
"Coriobacteriia","Class","Bacteria","","Actinobacteria","Coriobacteriia","","","","","2.329348484E10","2.1099420458E10","2.234697589E10","4.58596981E9","4.440271574E9","4.88949729E9","5.16286903E9","4.7878279E9","3.66133874E9"
"Dialister","Genus","Bacteria","","Firmicutes","Negativicutes","Veillonellales","Veillonellaceae","Dialister","","1.39422796E9","1.7281772E9","1.55632134E9","3.4521222E8","3.967084E8","3.5812755E8","3.6985663E8","4.2445754E8","3.4104489E8"
"Bifidobacteriales","Order","Bacteria","","Actinobacteria","Actinobacteria","Bifidobacteriales","","","","1.99718718E9","1.54450015E9","1.50665131E9","6.3757195E8","6.5663311E8","6.6598812E8","6.6909601E8","7.2049459E8","5.3981119E8"
"Oscillibacter","Genus","Bacteria","","Firmicutes","Clostridia","Clostridiales","Oscillospiraceae","Oscillibacter","","1.79522E7","1.404236E7","1.36213E7","1.656724E8","1.576118E8","1.454232E8","1.956677E8","1.719933E8","2.058897E8"
"Corynebacteriales","Order","Bacteria","","Actinobacteria","Actinobacteria","Corynebacteriales","","","","5623360.0","1.4143E7","1.23698E7","1.29015E7","1.29688E7","1.3647E7","1.13656E7","9848500.0","2.15445E7"
"Bacteroides coprophilus","Species","Bacteria","","Bacteroidetes","Bacteroidia","Bacteroidales","Bacteroidaceae","Bacteroides","Bacteroides coprophilus","2.74808E7","2.31405E7","4.68956E7","1.6668E7","1.1211E7","1.4964E7","1.2758E7","1.6661E7","1.4094E7"
"Bacteroides pyogenes","Species","Bacteria","","Bacteroidetes","Bacteroidia","Bacteroidales","Bacteroidaceae","Bacteroides","Bacteroides pyogenes","1.1513E7","3890500.0","1630800.0","5789000.0","1.02487E7","8882700.0","8463100.0","1.18961E7","8998000.0"
"Bacteroides plebeius","Species","Bacteria","","Bacteroidetes","Bacteroidia","Bacteroidales","Bacteroidaceae","Bacteroides","Bacteroides plebeius","9.626894E7","8.389251E7","1.521907E8","2.567313E7","1.751637E7","1.393888E7","2.581576E7","2.148164E7","3.481888E7"
"Flavonifractor","Genus","Bacteria","","Firmicutes","Clostridia","Clostridiales","","Flavonifractor","","6690000.0","6948100.0","3614900.0","3.91832E7","4.50548E7","5.05338E7","4.45382E7","4.3568E7","4.8639E7"
"Clostridium saccharolyticum","Species","Bacteria","","Firmicutes","Clostridia","Clostridiales","Lachnospiraceae","Lachnoclostridium","Clostridium saccharolyticum","775500.0","0.0","1030600.0","3.90511E7","3.50928E7","2.44402E7","3.12293E7","5.20568E7","4.46972E7"
"Blautia","Genus","Bacteria","","Firmicutes","Clostridia","Clostridiales","Lachnospiraceae","Blautia","","1.61174715E9","1.6517092E9","1.73348224E9","1.107815E9","1.18024719E9","1.12447504E9","1.119753E9","1.1433317E9","9.9256649E8"
"Chlamydiales","Order","Bacteria","","Chlamydiae","Chlamydiia","Chlamydiales","","","","3.06084E7","1.14267E7","2.48902E7","0.0","1060100.0","677580.0","819510.0","1170200.0","1054000.0"
"Alistipes shahii","Species","Bacteria","","Bacteroidetes","Bacteroidia","Bacteroidales","Rikenellaceae","Alistipes","Alistipes shahii","2.338971E7","4.354557E7","3.764802E7","8.172581E8","1.0082178E9","7.945E8","1.00332215E9","1.05096775E9","9.266497E8"
"Desulfovibrionales","Order","Bacteria","","Proteobacteria","Deltaproteobacteria","Desulfovibrionales","","","","1197100.0","4516500.0","6404010.0","2.37257E7","1.56576E7","1.90432E7","3.68228E7","2.67131E7","1.85511E7"
"Bacteroides intestinalis","Species","Bacteria","","Bacteroidetes","Bacteroidia","Bacteroidales","Bacteroidaceae","Bacteroides","Bacteroides intestinalis","4330700.0","1486800.0","1757700.0","8027400.0","9514000.0","1.02482E7","7466000.0","1.23037E7","7774200.0"
"Coriobacteriaceae","Family","Bacteria","","Actinobacteria","Coriobacteriia","Coriobacteriales","Coriobacteriaceae","","","1.952320075E10","1.7327033748E10","1.893721401E10","3.99690655E9","3.838428264E9","4.19846272E9","4.51426142E9","4.05248612E9","3.12116708E9"
"Alistipes","Genus","Bacteria","","Bacteroidetes","Bacteroidia","Bacteroidales","Rikenellaceae","Alistipes","","4.6498379E8","6.7088557E8","5.7462093E8","6.11877213E9","6.90803372E9","6.40340727E9","6.96590188E9","7.05348325E9","5.87949589E9"
"Ruminococcus lactaris","Species","Bacteria","","Firmicutes","Clostridia","Clostridiales","Ruminococcaceae","Ruminococcus","Ruminococcus lactaris","1.1002E7","2.27996E7","1.1966E7","1.34506E7","1.31978E7","1.03519E7","1.39207E7","1.32088E7","9265200.0"
"Lactobacillaceae","Family","Bacteria","","Firmicutes","Bacilli","Lactobacillales","Lactobacillaceae","","","1.1407248E8","1.1980101E8","9.42785E7","4.40441E7","2.822835E8","2.015395E8","2.9831997E8","7.024709E7","5.632922E7"
"Erysipelotrichia","Class","Bacteria","","Firmicutes","Erysipelotrichia","","","","","5.7508E7","5.98856E7","6.03688E7","4.6173E7","4.9603E7","6.22611E7","5.4191E7","4.536833E7","3.83666E7"
"Erysipelotrichales","Order","Bacteria","","Firmicutes","Erysipelotrichia","Erysipelotrichales","","","","5.7508E7","5.98856E7","6.03688E7","4.6173E7","4.9603E7","6.22611E7","5.4191E7","4.536833E7","3.83666E7"
"Blautia hydrogenotrophica","Species","Bacteria","","Firmicutes","Clostridia","Clostridiales","Lachnospiraceae","Blautia","Blautia hydrogenotrophica","2.35404E7","3.10328E7","3.20301E7","3.26329E7","3.6904E7","4.74719E7","5.00527E7","3.72092E7","3.72205E7"
"Proteobacteria","Phylum","Bacteria","","Proteobacteria","","","","","","4.2675777E8","5.7781708E8","4.4220351E8","1.18770589E9","1.22210228E9","1.2729313E9","1.2832552E9","1.16834779E9","1.22056451E9"
"Bifidobacteriaceae","Family","Bacteria","","Actinobacteria","Actinobacteria","Bifidobacteriales","Bifidobacteriaceae","","","1.99718718E9","1.54450015E9","1.50665131E9","6.3757195E8","6.5663311E8","6.6598812E8","6.6909601E8","7.2049459E8","5.3981119E8"
"Enterobacterales","Order","Bacteria","","Proteobacteria","Gammaproteobacteria","Enterobacterales","","","","2.581563E7","1.1827E7","1.119186E7","1.940094E8","2.0999677E8","2.503567E8","2.385671E8","1.584316E8","1.459092E8"
"Gammaproteobacteria","Class","Bacteria","","Proteobacteria","Gammaproteobacteria","","","","","5.71298E7","4.642498E7","3.671118E7","3.0079501E8","3.2426357E8","3.912318E8","3.703706E8","2.893968E8","2.784918E8"
"Firmicutes","Phylum","Bacteria","","Firmicutes","","","","","","2.8097155041E10","3.850503324E10","3.0613362498E10","1.5200803348E11","1.42608013288E11","1.35599111511E11","1.4370376751E11","1.3645672009E11","1.5327033144E11"
"Ruminococcus sp. DSM 100440","Species","Bacteria","","Firmicutes","Clostridia","Clostridiales","Ruminococcaceae","Ruminococcus","Ruminococcus sp. DSM 100440","2183300.0","2090200.0","1909600.0","4588600.0","2746700.0","1.21762E7","9191200.0","2791500.0","2079600.0"
"Alloprevotella","Genus","Bacteria","","Bacteroidetes","Bacteroidia","Bacteroidales","Prevotellaceae","Alloprevotella","","5.51563E7","1.05455E7","5.43167E7","1.01447E7","1.60129E7","1.78137E7","1.83635E7","1.78433E7","1.54082E7"
"[Eubacterium] dolichum","Species","Bacteria","","Firmicutes","Erysipelotrichia","Erysipelotrichales","Erysipelotrichaceae","","[Eubacterium] dolichum","1.3777E7","2199400.0","1.12583E7","3266000.0","1.0867E7","6941600.0","0.0","557330.0","0.0"
"Veillonellaceae","Family","Bacteria","","Firmicutes","Negativicutes","Veillonellales","Veillonellaceae","","","1.40366176E9","1.7418485E9","1.57443854E9","3.5112902E8","4.064927E8","3.7000075E8","3.8359433E8","4.3099494E8","3.4879259E8"
"Clostridiaceae","Family","Bacteria","","Firmicutes","Clostridia","Clostridiales","Clostridiaceae","","","2.7988716E8","9.9721015E8","1.13025397E9","2.34611243E9","1.78571493E9","2.23835774E9","2.62094708E9","1.79206542E9","1.6174929E9"
"Ruminococcus","Genus","Bacteria","","Firmicutes","Clostridia","Clostridiales","Ruminococcaceae","Ruminococcus","","2.95296781E9","4.57581418E9","3.43023225E9","1.23034335E9","1.23478223E9","1.25720476E9","1.24024148E9","1.41225972E9","1.04754929E9"
"Lachnoclostridium","Genus","Bacteria","","Firmicutes","Clostridia","Clostridiales","Lachnospiraceae","Lachnoclostridium","","2.14235E7","1.43657E7","1.16674E7","1.3912943E8","1.236894E8","1.3515875E8","1.3693253E8","1.4556064E8","1.703034E8"
"Ruminococcus albus","Species","Bacteria","","Firmicutes","Clostridia","Clostridiales","Ruminococcaceae","Ruminococcus","Ruminococcus albus","9302900.0","1.874353E7","9292600.0","5.0819E7","4.23255E7","2.68524E7","3.5819E7","4.70841E7","6.5624E7"
"Roseburia hominis","Species","Bacteria","","Firmicutes","Clostridia","Clostridiales","Lachnospiraceae","Roseburia","Roseburia hominis","2.6694076E8","3.323196E8","2.569867E8","3.917534868E10","3.551162238E10","3.5166911811E10","3.554409904E10","3.113555441E10","4.349228894E10"
"Roseburia faecis","Species","Bacteria","","Firmicutes","Clostridia","Clostridiales","Lachnospiraceae","Roseburia","Roseburia faecis","1.28352E7","1.23928E7","1.99889E7","3.627142E7","2.713002E7","3.6427E7","4.92374E7","2.85631E7","3.803136E7"
"Phascolarctobacterium succinatutens","Species","Bacteria","","Firmicutes","Negativicutes","Acidaminococcales","Acidaminococcaceae","Phascolarctobacterium","Phascolarctobacterium succinatutens","0.0","475590.0","0.0","1.47421E7","2.26721E7","1.34767E7","1.49487E7","1.55386E7","1.77147E7"
"Prevotella multisaccharivorax","Species","Bacteria","","Bacteroidetes","Bacteroidia","Bacteroidales","Prevotellaceae","Prevotella","Prevotella multisaccharivorax","4.5036E7","3.18571E7","5.66315E7","9603800.0","1.59923E7","1.3532E7","1.35094E7","1.87975E7","1.09122E7"
"Collinsella tanakaei","Species","Bacteria","","Actinobacteria","Coriobacteriia","Coriobacteriales","Coriobacteriaceae","Collinsella","Collinsella tanakaei","2.18863E7","3.04391E7","3.937959E7","5237000.0","6768800.0","1.03509E7","8875900.0","9030200.0","5567300.0"
"Prevotella salivae","Species","Bacteria","","Bacteroidetes","Bacteroidia","Bacteroidales","Prevotellaceae","Prevotella","Prevotella salivae","7906370.0","3380700.0","1.39015E7","6870900.0","6449300.0","1776500.0","7820500.0","9390300.0","1108900.0"
"Phascolarctobacterium","Genus","Bacteria","","Firmicutes","Negativicutes","Acidaminococcales","Acidaminococcaceae","Phascolarctobacterium","","1.208125E7","2.363213E7","1.552884E7","1.901032E8","2.245737E8","2.420832E8","2.0240869E8","1.9457129E8","1.820285E8"
"Bacteroides helcogenes","Species","Bacteria","","Bacteroidetes","Bacteroidia","Bacteroidales","Bacteroidaceae","Bacteroides","Bacteroides helcogenes","9798900.0","4792800.0","8785400.0","0.0","0.0","971350.0","2581500.0","0.0","0.0"
"Bacteroides finegoldii","Species","Bacteria","","Bacteroidetes","Bacteroidia","Bacteroidales","Bacteroidaceae","Bacteroides","Bacteroides finegoldii","1.9257728E8","2.3006106E8","3.4629564E8","1.5894405E8","1.5459549E8","1.5386814E8","1.8093918E8","1.5303511E8","1.685135E8"
"Coprococcus","Genus","Bacteria","","Firmicutes","Clostridia","Clostridiales","Lachnospiraceae","Coprococcus","","1.0794686E8","1.5809183E8","1.0029133E8","1.06585725E9","1.00532635E9","1.0590701E9","9.417969E8","1.01791726E9","7.588415E8"
"Coprococcus eutactus","Species","Bacteria","","Firmicutes","Clostridia","Clostridiales","Lachnospiraceae","Coprococcus","Coprococcus eutactus","440270.0","0.0","589250.0","2.97689E7","3.60725E7","3.76267E7","3.5934E7","4.1434E7","3.10136E7"
"Prevotella micans","Species","Bacteria","","Bacteroidetes","Bacteroidia","Bacteroidales","Prevotellaceae","Prevotella","Prevotella micans","2.07161E8","1.199768E8","1.65027E8","3.56294E7","3.66991E7","3.64316E7","4.32882E7","5.20638E7","4.08582E7"
"Prevotella bryantii","Species","Bacteria","","Bacteroidetes","Bacteroidia","Bacteroidales","Prevotellaceae","Prevotella","Prevotella bryantii","2.8092E7","1.99721E7","2.66707E7","3187200.0","2989400.0","3377900.0","4298400.0","2951500.0","3834500.0"
"Atopobiaceae","Family","Bacteria","","Actinobacteria","Coriobacteriia","Coriobacteriales","Atopobiaceae","","","8.2317486E8","1.0748873E9","8.6380248E8","5.096268E7","3.880023E7","2.71931E7","2.409498E7","2.831192E7","3.381517E7"
"Prevotella copri","Species","Bacteria","","Bacteroidetes","Bacteroidia","Bacteroidales","Prevotellaceae","Prevotella","Prevotella copri","1.364984782E10","1.005168037E10","1.354052713E10","3.2344881E9","3.40583795E9","3.26685258E9","3.11094448E9","3.4590507E9","3.29114484E9"
"Acidaminococcales","Order","Bacteria","","Firmicutes","Negativicutes","Acidaminococcales","","","","4.706905E7","5.997213E7","5.256664E7","2.021389E8","2.924081E8","3.057851E8","2.1273039E8","2.0451179E8","1.9529307E8"
"Veillonellales","Order","Bacteria","","Firmicutes","Negativicutes","Veillonellales","","","","1.40366176E9","1.7418485E9","1.57443854E9","3.5112902E8","4.064927E8","3.7000075E8","3.8359433E8","4.3099494E8","3.4879259E8"
"Selenomonadaceae","Family","Bacteria","","Firmicutes","Negativicutes","Selenomonadales","Selenomonadaceae","","","6593190.0","6293900.0","3968700.0","9723700.0","0.0","9655160.0","1.20446E7","3169700.0","0.0"
"Ruminococcaceae","Family","Bacteria","","Firmicutes","Clostridia","Clostridiales","Ruminococcaceae","","","7.041692647E9","1.110114748E10","7.487981637E9","2.270366318E10","2.329478493E10","1.994326586E10","2.256278459E10","2.404489787E10","2.020763673E10"
"Fusobacteria","Phylum","Bacteria","","Fusobacteria","","","","","","0.0","8203600.0","2122800.0","3.49941E7","2.66869E7","9919100.0","1.17706E7","9303500.0","5384000.0"
"Viridiplantae","Kingdom","Eukaryota","Viridiplantae","","","","","","","3337400.0","4483650.0","3592080.0","6722190.0","4835800.0","1.00956E7","5353300.0","2.33749E7","5326300.0"
"Lachnospiraceae bacterium 2_1_46FAA","Species","Bacteria","","Firmicutes","Clostridia","Clostridiales","Lachnospiraceae","","Lachnospiraceae bacterium 2_1_46FAA","2032700.0","0.0","0.0","1.425759E8","6.2908E7","6.928E7","1.89379E7","2.06423E7","3.31642E8"
"Collinsella sp. 4_8_47FAA","Species","Bacteria","","Actinobacteria","Coriobacteriia","Coriobacteriales","Coriobacteriaceae","Collinsella","Collinsella sp. 4_8_47FAA","1.05272E8","1.054802E8","1.077946E8","2.594593E7","2.73616E7","2.83121E7","3.149034E7","2.820591E7","1.97782E7"
"Phascolarctobacterium sp. CAG:207","Species","Bacteria","","Firmicutes","Negativicutes","Acidaminococcales","Acidaminococcaceae","Phascolarctobacterium","Phascolarctobacterium sp. CAG:207","8620320.0","1.318485E7","1.209454E7","1.148733E8","1.365406E8","1.551513E8","1.1533209E8","1.1140779E8","1.094912E8"
"Prevotella sp. 109","Species","Bacteria","","Bacteroidetes","Bacteroidia","Bacteroidales","Prevotellaceae","Prevotella","Prevotella sp. 109","1.59937E7","1.83546E7","2.1851E7","4.3035E7","3.94138E7","5.254E7","5.72192E7","4.514122E7","3.60188E7"
"Roseburia inulinivorans","Species","Bacteria","","Firmicutes","Clostridia","Clostridiales","Lachnospiraceae","Roseburia","Roseburia inulinivorans","1.687904E8","2.815996E8","1.9550941E8","4.715122E8","6.513711E8","5.6064148E8","3.964339E8","3.925938E8","7.345691E8"
"Bacillales","Order","Bacteria","","Firmicutes","Bacilli","Bacillales","","","","1.86682E7","2.383E7","2.17221E7","6.98015E7","7.97701E7","4.81569E7","4.49075E7","7.48036E7","7.64949E7"
"Prevotella timonensis","Species","Bacteria","","Bacteroidetes","Bacteroidia","Bacteroidales","Prevotellaceae","Prevotella","Prevotella timonensis","1.38575E7","1.12162E7","1.12896E7","3157480.0","2210700.0","0.0","432470.0","1540900.0","1391400.0"
"Dorea longicatena","Species","Bacteria","","Firmicutes","Clostridia","Clostridiales","Lachnospiraceae","Dorea","Dorea longicatena","0.0","0.0","0.0","1.16395E7","1.14993E7","1.1258E7","7770100.0","2919300.0","5548800.0"
"Desulfovibrionaceae","Family","Bacteria","","Proteobacteria","Deltaproteobacteria","Desulfovibrionales","Desulfovibrionaceae","","","1197100.0","4516500.0","6404010.0","2.37257E7","1.56576E7","1.90432E7","3.68228E7","2.67131E7","1.85511E7"
"Coprococcus catus","Species","Bacteria","","Firmicutes","Clostridia","Clostridiales","Lachnospiraceae","Coprococcus","Coprococcus catus","8.853691E7","1.4713225E8","9.025956E7","9.135762E8","8.6617965E8","7.527198E8","7.095194E8","8.4457266E8","6.34446E8"
"Flavobacteriaceae","Family","Bacteria","","Bacteroidetes","Flavobacteriia","Flavobacteriales","Flavobacteriaceae","","","0.0","1410710.0","442190.0","7.80408E7","6.86115E7","7.36369E7","7.04447E7","5.85133E7","7.62956E7"
"Prevotella maculosa","Species","Bacteria","","Bacteroidetes","Bacteroidia","Bacteroidales","Prevotellaceae","Prevotella","Prevotella maculosa","8.71661E7","3.29778E7","7.40341E7","4250800.0","3376400.0","2436000.0","1642800.0","6031500.0","1827900.0"
"Anaerotruncus","Genus","Bacteria","","Firmicutes","Clostridia","Clostridiales","Ruminococcaceae","Anaerotruncus","","0.0","3781300.0","3419800.0","2.9097E7","8945800.0","0.0","0.0","0.0","0.0"
"Prevotella sp. oral taxon 299","Species","Bacteria","","Bacteroidetes","Bacteroidia","Bacteroidales","Prevotellaceae","Prevotella","Prevotella sp. oral taxon 299","1.206836E8","4.32481E7","1.134764E8","2.1692E7","2.117E7","0.0","2.2333E7","2.0754E7","2.2226E7"
"Parabacteroides merdae","Species","Bacteria","","Bacteroidetes","Bacteroidia","Bacteroidales","Tannerellaceae","Parabacteroides","Parabacteroides merdae","8.579639E7","1.8731873E8","1.1674398E8","1.234875E8","1.651663E8","1.454869E8","1.927747E8","1.315072E8","1.171547E8"
"Dialister invisus","Species","Bacteria","","Firmicutes","Negativicutes","Veillonellales","Veillonellaceae","Dialister","Dialister invisus","3.767702E7","5.33459E7","4.16076E7","2158300.0","1.132208E7","1.266801E7","1.31792E7","1.58201E7","1.249285E7"
"Bacteroides stercoris","Species","Bacteria","","Bacteroidetes","Bacteroidia","Bacteroidales","Bacteroidaceae","Bacteroides","Bacteroides stercoris","2.50907E7","3.553712E7","3.54976E7","9.119997E7","7.600582E7","7.94467E7","7.305145E7","8.40245E7","7.1593E7"
"Clostridiales","Order","Bacteria","","Firmicutes","Clostridia","Clostridiales","","","","1.7751603487E10","2.546370143E10","1.9709002958E10","1.1806850203E11","1.09896626792E11","1.05530763141E11","1.1258727221E11","1.046595614E11","1.1790296166E11"
"Lachnospiraceae","Family","Bacteria","","Firmicutes","Clostridia","Clostridiales","Lachnospiraceae","","","2.69493337E9","3.18332037E9","2.885596426E9","5.922364218E10","5.270366157E10","5.0289783701E10","5.499679269E10","4.859434917E10","6.241963996E10"
"Clostridia","Class","Bacteria","","Firmicutes","Clostridia","","","","","1.7781658287E10","2.550563093E10","1.9747700958E10","1.1818818963E11","1.10022662832E11","1.05648371641E11","1.1269582021E11","1.047756229E11","1.1803431036E11"
"Eubacteriaceae","Family","Bacteria","","Firmicutes","Clostridia","Clostridiales","Eubacteriaceae","","","2.9668889E8","5.3187962E8","2.864944E8","2.65216678E9","2.38881244E9","3.54741884E9","3.1865579E9","2.06831779E9","1.91066628E9"
"Peptostreptococcaceae","Family","Bacteria","","Firmicutes","Clostridia","Clostridiales","Peptostreptococcaceae","","","6676100.0","2.41674E7","7322200.0","2.18837E7","2.60808E7","4.62463E7","2.48993E7","4.24081E7","2.85626E7"
"Metazoa","Kingdom","Eukaryota","Metazoa","","","","","","","4.051E7","2.16655E7","2.522764E7","1.64627E7","1.55419E7","1.642234E7","1.390499E7","1.32659E7","1.178773E7"
"Hungatella hathewayi","Species","Bacteria","","Firmicutes","Clostridia","Clostridiales","Clostridiaceae","Hungatella","Hungatella hathewayi","1.35763E7","5291500.0","1.42135E7","2.866E7","1.81362E7","2.20452E7","1.798459E7","2.13053E7","2.14584E7"
"Xanthomonadales","Order","Bacteria","","Proteobacteria","Gammaproteobacteria","Xanthomonadales","","","","1.50105E7","1.59276E7","1.65701E7","5201210.0","8376700.0","7366900.0","3718100.0","9224400.0","1.04074E7"
"Marvinbryantia formatexigens","Species","Bacteria","","Firmicutes","Clostridia","Clostridiales","Lachnospiraceae","Marvinbryantia","Marvinbryantia formatexigens","1.86506E7","2.4681E7","1.69981E7","4495500.0","8608400.0","2474700.0","3958300.0","8977700.0","1586500.0"
"Blautia wexlerae","Species","Bacteria","","Firmicutes","Clostridia","Clostridiales","Lachnospiraceae","Blautia","Blautia wexlerae","6.15454E7","7.9038E7","7.00571E7","4.9467E7","3.807708E7","5.03522E7","4.45247E7","4.94794E7","4.29653E7"
"Lactobacillales","Order","Bacteria","","Firmicutes","Bacilli","Lactobacillales","","","","1.9580218E8","2.4370741E8","1.990602E8","8.36251E7","3.449055E8","2.507897E8","3.5582927E8","1.1601709E8","1.1648822E8"
"Clostridium","Genus","Bacteria","","Firmicutes","Clostridia","Clostridiales","Clostridiaceae","Clostridium","","2.4194186E8","9.2262069E8","1.09160015E9","2.26781253E9","1.70604233E9","2.16365504E9","2.54691843E9","1.70471732E9","1.5506547E9"
"Bacteroides eggerthii","Species","Bacteria","","Bacteroidetes","Bacteroidia","Bacteroidales","Bacteroidaceae","Bacteroides","Bacteroides eggerthii","5.60661E7","2.676358E7","3.40257E7","5.71128E7","7.73796E7","6.55138E7","6.97318E7","9.33397E7","6.42062E7"
"Actinobacteria","Phylum","Bacteria","","Actinobacteria","","","","","","2.580081788E10","2.3093319808E10","2.434666931E10","5.33876586E9","5.204998644E9","5.68468363E9","5.96376286E9","5.61933853E9","4.31409023E9"
"Alistipes putredinis","Species","Bacteria","","Bacteroidetes","Bacteroidia","Bacteroidales","Rikenellaceae","Alistipes","Alistipes putredinis","1.2143545E8","1.87395E8","1.4525661E8","1.926784E8","2.057148E8","1.584803E8","1.8696903E8","1.8476471E8","1.9300582E8"
"Coprococcus comes","Species","Bacteria","","Firmicutes","Clostridia","Clostridiales","Lachnospiraceae","Coprococcus","Coprococcus comes","1.763234E7","9544780.0","9026630.0","5.952095E7","4.4356E7","2.210958E8","1.369445E8","5.36102E7","3.94026E7"
"Prevotella buccae","Species","Bacteria","","Bacteroidetes","Bacteroidia","Bacteroidales","Prevotellaceae","Prevotella","Prevotella buccae","9.40049E7","5.42656E7","8.20158E7","3.57101E7","3.05827E7","3.33414E7","3.30515E7","2.00275E7","6844700.0"
"Prevotella corporis","Species","Bacteria","","Bacteroidetes","Bacteroidia","Bacteroidales","Prevotellaceae","Prevotella","Prevotella corporis","1.21606E8","1.893E7","1.10587E8","1122200.0","0.0","0.0","3.2569E7","0.0","0.0"
"Prevotella oralis","Species","Bacteria","","Bacteroidetes","Bacteroidia","Bacteroidales","Prevotellaceae","Prevotella","Prevotella oralis","1.48101E7","1.56309E7","1.42017E7","1.146169E7","1.68338E7","1.03274E7","7272800.0","9367700.0","1.14022E7"
"Cytophagales","Order","Bacteria","","Bacteroidetes","Cytophagia","Cytophagales","","","","2.26067E7","3.68611E7","3.18374E7","1.29002E7","1.97078E7","1.69969E7","1.68044E7","1.96232E7","1.3813E7"
"Cytophagia","Class","Bacteria","","Bacteroidetes","Cytophagia","","","","","2.26067E7","3.68611E7","3.18374E7","1.29002E7","1.97078E7","1.69969E7","1.68044E7","1.96232E7","1.3813E7"
"Parabacteroides","Genus","Bacteria","","Bacteroidetes","Bacteroidia","Bacteroidales","Tannerellaceae","Parabacteroides","","2.8111801E8","3.9378157E8","3.1966E8","3.0708111E8","3.4197359E8","3.2142032E8","3.6426275E8","3.1630007E8","2.6427073E8"
"Oscillospiraceae","Family","Bacteria","","Firmicutes","Clostridia","Clostridiales","Oscillospiraceae","","","1.79522E7","1.404236E7","1.36213E7","1.656724E8","1.576118E8","1.454232E8","1.956677E8","1.719933E8","2.058897E8"
"Tannerellaceae","Family","Bacteria","","Bacteroidetes","Bacteroidia","Bacteroidales","Tannerellaceae","","","2.8752441E8","4.0111817E8","3.263364E8","3.1689361E8","3.5338599E8","3.3758592E8","3.7878765E8","3.2628277E8","2.7996033E8"
"Olsenella scatoligenes","Species","Bacteria","","Actinobacteria","Coriobacteriia","Coriobacteriales","Atopobiaceae","Olsenella","Olsenella scatoligenes","6.0687836E8","8.606702E8","6.6810728E8","3.622567E7","2.874468E7","2.248781E7","1.727805E7","2.036733E7","2.795282E7"
"Porphyromonas gingivicanis","Species","Bacteria","","Bacteroidetes","Bacteroidia","Bacteroidales","Porphyromonadaceae","Porphyromonas","Porphyromonas gingivicanis","2.088231E7","2.03983E7","2.2255E7","2.18177E7","2.64391E7","2.043E7","1.6281E7","2.1733E7","2.1543E7"
"Coprobacillus","Genus","Bacteria","","Firmicutes","Erysipelotrichia","Erysipelotrichales","Erysipelotrichaceae","Coprobacillus","","8193600.0","9936600.0","8454200.0","0.0","0.0","1.1644E7","0.0","0.0","4419600.0"
"Rikenellaceae","Family","Bacteria","","Bacteroidetes","Bacteroidia","Bacteroidales","Rikenellaceae","","","4.6668559E8","6.7318881E8","5.7896128E8","6.13576033E9","6.93101392E9","6.42370517E9","6.98388218E9","7.07319465E9","5.89921039E9"
"Porphyromonadaceae","Family","Bacteria","","Bacteroidetes","Bacteroidia","Bacteroidales","Porphyromonadaceae","","","4.334191E7","1.221907E8","5.668093E7","7.420013E7","6.84862E7","1.26009081E9","5.9658E7","7.99686E7","5.08417E7"
"Bacteroidales","Order","Bacteria","","Bacteroidetes","Bacteroidia","Bacteroidales","","","","5.136966513E10","3.901594693E10","5.1379852688E10","2.373921392E10","2.5068194203E10","2.494225819E10","2.426726665E10","2.525772348E10","2.317171166E10"
"Enterobacteriaceae","Family","Bacteria","","Proteobacteria","Gammaproteobacteria","Enterobacterales","Enterobacteriaceae","","","2.050961E7","6761800.0","6167800.0","1.308905E8","1.316369E8","1.85511E8","1.563553E8","1.252054E8","1.19403E8"
"Chordata","Phylum","Eukaryota","Metazoa","Chordata","","","","","","1.37223E7","1.35084E7","4629540.0","2391700.0","2756100.0","2274590.0","1911400.0","2360600.0","3326300.0"
"Prevotellaceae","Family","Bacteria","","Bacteroidetes","Bacteroidia","Bacteroidales","Prevotellaceae","","","3.425184465E10","2.33667631E10","3.300891856E10","7.98578371E9","8.53422267E9","7.89332357E9","7.91229795E9","8.59370131E9","8.05435943E9"
"Odoribacter","Genus","Bacteria","","Bacteroidetes","Bacteroidia","Bacteroidales","Odoribacteraceae","Odoribacter","","2914200.0","3109700.0","3714300.0","8646700.0","1.00672E7","9937300.0","8067800.0","1.0041E7","7594200.0"
"Synergistia","Class","Bacteria","","Synergistetes","Synergistia","","","","","1.87402E7","3430700.0","1.63025E7","4539200.0","8.9532E7","7.79147E7","3663000.0","5.9462E7","4877300.0"
"Lactobacillus","Genus","Bacteria","","Firmicutes","Bacilli","Lactobacillales","Lactobacillaceae","Lactobacillus","","1.1060416E8","1.1537751E8","9.23922E7","3.87585E7","2.818977E8","1.9968E8","2.9831997E8","6.899859E7","5.632922E7"
"Synergistetes","Phylum","Bacteria","","Synergistetes","","","","","","1.87402E7","3430700.0","1.63025E7","4539200.0","8.9532E7","7.79147E7","3663000.0","5.9462E7","4877300.0"
"[Clostridium] asparagiforme","Species","Bacteria","","Firmicutes","Clostridia","Clostridiales","Lachnospiraceae","Lachnoclostridium","[Clostridium] asparagiforme","0.0","0.0","0.0","3075900.0","5145100.0","1.61599E7","8789600.0","4853000.0","5665200.0"
"Alphaproteobacteria","Class","Bacteria","","Proteobacteria","Alphaproteobacteria","","","","","3.516692E7","5.4709E7","3.554407E7","2.866635E7","4.07982E7","2.8835E7","4.04066E7","3.64034E7","4.025682E7"
"Prevotella baroniae","Species","Bacteria","","Bacteroidetes","Bacteroidia","Bacteroidales","Prevotellaceae","Prevotella","Prevotella baroniae","3.02383E7","1.09097E7","2.92602E7","0.0","0.0","0.0","562320.0","496610.0","0.0"
"Betaproteobacteria","Class","Bacteria","","Proteobacteria","Betaproteobacteria","","","","","2.2609175E8","3.9861046E8","2.7142027E8","5.371075E8","5.2705953E8","4.946037E8","4.722355E8","4.737031E8","5.8550299E8"
"Synergistaceae","Family","Bacteria","","Synergistetes","Synergistia","Synergistales","Synergistaceae","","","1.87402E7","3430700.0","1.63025E7","4539200.0","8.9532E7","7.79147E7","3663000.0","5.9462E7","4877300.0"
"Synergistales","Order","Bacteria","","Synergistetes","Synergistia","Synergistales","","","","1.87402E7","3430700.0","1.63025E7","4539200.0","8.9532E7","7.79147E7","3663000.0","5.9462E7","4877300.0"
"[Eubacterium] eligens","Species","Bacteria","","Firmicutes","Clostridia","Clostridiales","Eubacteriaceae","Eubacterium","[Eubacterium] eligens","1.78637E7","2.15692E7","2.10073E7","1.913828E7","2.43533E7","2.115514E7","2.87949E7","1.490262E7","7571200.0"
"Deltaproteobacteria","Class","Bacteria","","Proteobacteria","Deltaproteobacteria","","","","","5377500.0","1.08635E7","1.141691E7","2.87054E7","2.08105E7","2.39639E7","7.71365E7","3.18627E7","2.39595E7"
"Dorea formicigenerans","Species","Bacteria","","Firmicutes","Clostridia","Clostridiales","Lachnospiraceae","Dorea","Dorea formicigenerans","1854060.0","4.47904E7","2102390.0","4.718396E7","5.21262E7","4.88882E7","5.82936E7","5.20542E7","5.62299E7"
"Bacteroides caccae","Species","Bacteria","","Bacteroidetes","Bacteroidia","Bacteroidales","Bacteroidaceae","Bacteroides","Bacteroides caccae","1.80978E7","1.508412E7","1.429396E7","9.53936E7","9.94819E7","9.97367E7","8.94313E7","8.49126E7","1.087507E8"
"[Eubacterium] hallii","Species","Bacteria","","Firmicutes","Clostridia","Clostridiales","Eubacteriaceae","Eubacterium","[Eubacterium] hallii","1.1587318E8","3.4604474E8","1.0778235E8","2.1213379E9","1.8936474E9","2.8688842E9","2.2626019E9","1.56559756E9","1.2632976E9"
"Oscillibacter sp. KLE 1745","Species","Bacteria","","Firmicutes","Clostridia","Clostridiales","Oscillospiraceae","Oscillibacter","Oscillibacter sp. KLE 1745","6322140.0","5583600.0","6648700.0","4.25523E7","1.45659E7","4.12473E7","4.34659E7","3.82038E7","3.99268E7"
"Eubacterium ramulus","Species","Bacteria","","Firmicutes","Clostridia","Clostridiales","Eubacteriaceae","Eubacterium","Eubacterium ramulus","933080.0","1046400.0","891110.0","3.66113E7","3.02818E7","4.48163E7","4.25973E7","3.95793E7","2.132338E7"
"[Eubacterium] rectale","Species","Bacteria","","Firmicutes","Clostridia","Clostridiales","Lachnospiraceae","","[Eubacterium] rectale","3.87837E7","1.7086E7","5.20619E7","4.59285E7","1.325326E8","2.98722E7","2.68832E7","7.55971E7","2.754025E7"
"Ruminococcus bromii","Species","Bacteria","","Firmicutes","Clostridia","Clostridiales","Ruminococcaceae","Ruminococcus","Ruminococcus bromii","2.47790542E9","3.90372421E9","2.99281692E9","9.2296497E8","9.6980496E8","9.70426E8","9.3736589E8","1.12474172E9","7.8296914E8"
"Blautia obeum","Species","Bacteria","","Firmicutes","Clostridia","Clostridiales","Lachnospiraceae","Blautia","Blautia obeum","4.6708469E8","5.536564E8","4.868193E8","2.741817E8","2.397852E8","2.641134E8","2.732104E8","2.584234E8","1.9240356E8"
"Eubacterium ventriosum","Species","Bacteria","","Firmicutes","Clostridia","Clostridiales","Eubacteriaceae","Eubacterium","Eubacterium ventriosum","5215200.0","8660300.0","4737100.0","1.78418E7","1.57296E7","8.45335E7","1.49608E7","5.75075E7","7.89491E7"
"Roseburia intestinalis","Species","Bacteria","","Firmicutes","Clostridia","Clostridiales","Lachnospiraceae","Roseburia","Roseburia intestinalis","0.0","0.0","0.0","1.007048E8","1.033577E8","1.042071E8","9.43335E7","9.00805E7","1.380522E8"
"Lactobacillus ruminis","Species","Bacteria","","Firmicutes","Bacilli","Lactobacillales","Lactobacillaceae","Lactobacillus","Lactobacillus ruminis","4.16104E7","4.37831E7","2.74951E7","1036800.0","1048100.0","0.0","869870.0","4945490.0","867620.0"
"Sutterella","Genus","Bacteria","","Proteobacteria","Betaproteobacteria","Burkholderiales","Sutterellaceae","Sutterella","","9.409955E7","2.6945946E8","1.5416297E8","1.721147E8","1.7369653E8","1.334864E8","1.831894E8","2.128848E8","1.9618259E8"
"Negativicutes","Class","Bacteria","","Firmicutes","Negativicutes","","","","","1.50889318E9","1.85967883E9","1.67638297E9","5.9377612E8","7.386242E8","7.1912031E8","6.4149412E8","6.8292923E8","5.8013206E8"
"Prevotella sp. P5-119","Species","Bacteria","","Bacteroidetes","Bacteroidia","Bacteroidales","Prevotellaceae","Prevotella","Prevotella sp. P5-119","4.521165E8","1.502398E8","3.875491E8","1.199456E8","1.258826E8","1.281795E8","7.60753E7","7.07758E7","1.405313E8"
"Selenomonadales","Order","Bacteria","","Firmicutes","Negativicutes","Selenomonadales","","","","7082970.0","6293900.0","4346890.0","1.47375E7","5968800.0","1.564086E7","1.84589E7","1.345E7","7420800.0"
"Acidaminococcaceae","Family","Bacteria","","Firmicutes","Negativicutes","Acidaminococcales","Acidaminococcaceae","","","4.706905E7","5.997213E7","5.256664E7","2.021389E8","2.924081E8","3.057851E8","2.1273039E8","2.0451179E8","1.9529307E8"
"Alistipes sp. CHKCI003","Species","Bacteria","","Bacteroidetes","Bacteroidia","Bacteroidales","Rikenellaceae","Alistipes","Alistipes sp. CHKCI003","9665100.0","1.750874E7","6161100.0","4.41342E7","3.05975E7","2.57857E7","4.2096E7","3.29863E7","2.18842E7"
"Bifidobacterium","Genus","Bacteria","","Actinobacteria","Actinobacteria","Bifidobacteriales","Bifidobacteriaceae","Bifidobacterium","","1.59722238E9","1.23487372E9","1.21453711E9","5.1305858E8","5.4165839E8","5.3834257E8","5.3941055E8","5.7466292E8","4.2710805E8"
"Chlamydiia","Class","Bacteria","","Chlamydiae","Chlamydiia","","","","","3.06084E7","1.14267E7","2.48902E7","0.0","1060100.0","677580.0","819510.0","1170200.0","1054000.0"
"Fungi","Kingdom","Eukaryota","Fungi","","","","","","","4.309268E7","3.466078E7","4.57935E7","2.543166E7","2.60809E7","2.86525E7","2.7563E7","2.812895E7","2.30247E7"
"Chlamydiae","Phylum","Bacteria","","Chlamydiae","","","","","","3.06084E7","1.14267E7","2.48902E7","0.0","1060100.0","677580.0","819510.0","1170200.0","1054000.0"
"Bifidobacterium adolescentis","Species","Bacteria","","Actinobacteria","Actinobacteria","Bifidobacteriales","Bifidobacteriaceae","Bifidobacterium","Bifidobacterium adolescentis","8.10701E7","6.46207E7","4.206924E7","2.625779E7","3.04401E7","2.562145E7","2.838456E7","3.704641E7","2.35822E7"
"Bifidobacterium bifidum","Species","Bacteria","","Actinobacteria","Actinobacteria","Bifidobacteriales","Bifidobacteriaceae","Bifidobacterium","Bifidobacterium bifidum","2.1290021E8","2.155287E8","2.501062E8","1.1180737E8","1.0539406E8","1.0278797E8","1.1890124E8","1.1155434E8","8.326373E7"
"Streptophyta","Phylum","Eukaryota","Viridiplantae","Streptophyta","","","","","","3337400.0","4483650.0","3095920.0","2975890.0","2338000.0","3001800.0","0.0","2.0439E7","2811300.0"
"Collinsella aerofaciens","Species","Bacteria","","Actinobacteria","Coriobacteriia","Coriobacteriales","Coriobacteriaceae","Collinsella","Collinsella aerofaciens","8.5634995E8","7.8737058E8","9.3900368E8","2.0147815E8","1.6228033E8","1.5460772E8","1.9554674E8","1.9907838E8","1.2298949E8"
"Eubacterium","Genus","Bacteria","","Firmicutes","Clostridia","Clostridiales","Eubacteriaceae","Eubacterium","","2.9443939E8","5.2587272E8","2.838436E8","2.63764078E9","2.37528614E9","3.52042174E9","3.018445E9","2.05921649E9","1.74256398E9"
"Sutterellaceae","Family","Bacteria","","Proteobacteria","Betaproteobacteria","Burkholderiales","Sutterellaceae","","","9.409955E7","2.6945946E8","1.5416297E8","1.721147E8","1.7369653E8","1.334864E8","1.831894E8","2.128848E8","1.9618259E8"
"Eukaryota","Superkingdom","Eukaryota","","","","","","","","1.2107898E8","1.4119973E8","1.0393542E8","2.6561325E8","1.707525E8","2.6166964E8","2.5345269E8","2.6933355E8","7.634243E7"
"Ruminococcus champanellensis","Species","Bacteria","","Firmicutes","Clostridia","Clostridiales","Ruminococcaceae","Ruminococcus","Ruminococcus champanellensis","1.73971E7","1.763833E7","1.99603E7","0.0","0.0","0.0","0.0","0.0","0.0"
"Clostridiales bacterium 1_7_47FAA","Species","Bacteria","","Firmicutes","Clostridia","Clostridiales","","","Clostridiales bacterium 1_7_47FAA","5776010.0","6799370.0","5568770.0","4.525585E8","3.4929365E8","9.748938E8","6.882391E8","3.202967E8","2.1832594E8"
"Collinsella","Genus","Bacteria","","Actinobacteria","Coriobacteriia","Coriobacteriales","Coriobacteriaceae","Collinsella","","1.873375425E10","1.6529195178E10","1.819385161E10","3.88922996E9","3.742014224E9","4.10093918E9","4.39892442E9","3.9421126E9","3.04785056E9"
"Actinobacteria","Class","Bacteria","","Actinobacteria","Actinobacteria","","","","","2.17208324E9","1.67715175E9","1.66816432E9","7.0512051E8","7.2199563E8","7.2745402E8","7.3171909E8","7.7376768E8","6.0171629E8"
"Fusobacteriales","Order","Bacteria","","Fusobacteria","Fusobacteriia","Fusobacteriales","","","","0.0","8203600.0","2122800.0","3.49941E7","2.66869E7","9919100.0","1.17706E7","9303500.0","5384000.0"
"Fusobacteriia","Class","Bacteria","","Fusobacteria","Fusobacteriia","","","","","0.0","8203600.0","2122800.0","3.49941E7","2.66869E7","9919100.0","1.17706E7","9303500.0","5384000.0"
"Prevotella pallens","Species","Bacteria","","Bacteroidetes","Bacteroidia","Bacteroidales","Prevotellaceae","Prevotella","Prevotella pallens","2.71439E7","1.76503E7","2.884E7","1.84478E7","1.78075E7","1.82558E7","1.77377E7","1.77094E7","1.85124E7"
"Bacteroides massiliensis","Species","Bacteria","","Bacteroidetes","Bacteroidia","Bacteroidales","Bacteroidaceae","Bacteroides","Bacteroides massiliensis","5285400.0","8551400.0","6346200.0","8433600.0","3083100.0","0.0","1841200.0","7386700.0","5146400.0"
"Fusobacteriaceae","Family","Bacteria","","Fusobacteria","Fusobacteriia","Fusobacteriales","Fusobacteriaceae","","","0.0","8203600.0","2122800.0","3.49941E7","2.66869E7","9919100.0","1.17706E7","9303500.0","5384000.0"
"Dialister succinatiphilus","Species","Bacteria","","Firmicutes","Negativicutes","Veillonellales","Veillonellaceae","Dialister","Dialister succinatiphilus","1.936223E8","2.317411E8","2.254966E8","5.830379E7","4.253433E7","4.418972E7","4.645985E7","5.352384E7","3.815338E7"
"Prevotella stercorea","Species","Bacteria","","Bacteroidetes","Bacteroidia","Bacteroidales","Prevotellaceae","Prevotella","Prevotella stercorea","4.88159E7","3.944357E7","4.925942E7","2.065234E7","1.82919E7","2.32761E7","3.33689E7","2.172022E7","1.07564E7"
"Collinsella intestinalis","Species","Bacteria","","Actinobacteria","Coriobacteriia","Coriobacteriales","Coriobacteriaceae","Collinsella","Collinsella intestinalis","1.0797818E8","2.21165E7","2.40218E7","1.654139E7","1.40545E7","6558500.0","5845740.0","1.468903E7","1.28636E7"
"Faecalibacterium","Genus","Bacteria","","Firmicutes","Clostridia","Clostridiales","Ruminococcaceae","Faecalibacterium","","3.249677297E9","5.37149081E9","3.172613397E9","1.955097697E10","2.014253101E10","1.706326376E10","1.950870368E10","2.055102785E10","1.756448886E10"
"Paraprevotella","Genus","Bacteria","","Bacteroidetes","Bacteroidia","Bacteroidales","Prevotellaceae","Paraprevotella","","8.80017E7","9.51768E7","7.83731E7","5.631489E7","6.04748E7","5.78163E7","5.75151E7","6.44499E7","7.16224E7"
"Ascomycota","Phylum","Eukaryota","Fungi","Ascomycota","","","","","","3.920058E7","3.194148E7","4.30963E7","1.881046E7","1.97655E7","2.01969E7","2.06293E7","2.242955E7","1.6408E7"
"Subdoligranulum","Genus","Bacteria","","Firmicutes","Clostridia","Clostridiales","Ruminococcaceae","Subdoligranulum","","3.6967079E8","4.994596E8","3.829736E8","2.909385E8","2.843314E8","2.9779831E8","2.8695541E8","3.124861E8","2.3456346E8"
"Olsenella","Genus","Bacteria","","Actinobacteria","Coriobacteriia","Coriobacteriales","Atopobiaceae","Olsenella","","7.4470546E8","1.0106898E9","7.8828168E8","4.973448E7","3.631493E7","2.71931E7","2.409498E7","2.831192E7","3.381517E7"
"Anaerofustis","Genus","Bacteria","","Firmicutes","Clostridia","Clostridiales","Eubacteriaceae","Anaerofustis","","2249500.0","6006900.0","2650800.0","7363500.0","8004800.0","9107100.0","1.542935E8","9101300.0","1.641538E8"
"Chlamydiaceae","Family","Bacteria","","Chlamydiae","Chlamydiia","Chlamydiales","Chlamydiaceae","","","3.06084E7","1.14267E7","2.48902E7","0.0","1060100.0","677580.0","819510.0","1170200.0","1054000.0"
"Chlamydia","Genus","Bacteria","","Chlamydiae","Chlamydiia","Chlamydiales","Chlamydiaceae","Chlamydia","","3.06084E7","1.14267E7","2.48902E7","0.0","1060100.0","677580.0","819510.0","1170200.0","1054000.0"
"Hungatella","Genus","Bacteria","","Firmicutes","Clostridia","Clostridiales","Clostridiaceae","Hungatella","","1.35763E7","5291500.0","1.42135E7","2.866E7","1.81362E7","2.20452E7","1.798459E7","2.13053E7","2.14584E7"
"Morganellaceae","Family","Bacteria","","Proteobacteria","Gammaproteobacteria","Enterobacterales","Morganellaceae","","","0.0","2776200.0","2008000.0","3.36195E7","4.73563E7","8613700.0","2.55719E7","9331600.0","0.0"
"Chlamydia trachomatis","Species","Bacteria","","Chlamydiae","Chlamydiia","Chlamydiales","Chlamydiaceae","Chlamydia","Chlamydia trachomatis","3.06084E7","1.14267E7","2.48902E7","0.0","1060100.0","677580.0","819510.0","1170200.0","1054000.0"
"Bacteroidaceae","Family","Bacteria","","Bacteroidetes","Bacteroidia","Bacteroidales","Bacteroidaceae","","","4.74704618E9","5.05666237E9","5.754633567E9","3.9141735E9","3.991397563E9","3.94179458E9","3.93407449E9","4.00683534E9","3.86597156E9"
"Bacteroides","Genus","Bacteria","","Bacteroidetes","Bacteroidia","Bacteroidales","Bacteroidaceae","Bacteroides","","4.74704618E9","5.05666237E9","5.754633567E9","3.9141735E9","3.991397563E9","3.94179458E9","3.93407449E9","4.00683534E9","3.86597156E9"
"Odoribacteraceae","Family","Bacteria","","Bacteroidetes","Bacteroidia","Bacteroidales","Odoribacteraceae","","","2914200.0","3109700.0","3714300.0","8646700.0","1.00672E7","9937300.0","8067800.0","1.0041E7","7594200.0"
"Bacteroides uniformis","Species","Bacteria","","Bacteroidetes","Bacteroidia","Bacteroidales","Bacteroidaceae","Bacteroides","Bacteroides uniformis","3.15386E7","3.77111E7","2.46359E7","2.11855E7","2.46652E7","1.53312E7","1.92575E7","2.80986E7","2.20269E7"
"Erysipelotrichaceae","Family","Bacteria","","Firmicutes","Erysipelotrichia","Erysipelotrichales","Erysipelotrichaceae","","","5.7508E7","5.98856E7","6.03688E7","4.6173E7","4.9603E7","6.22611E7","5.4191E7","4.536833E7","3.83666E7"
"Butyrivibrio","Genus","Bacteria","","Firmicutes","Clostridia","Clostridiales","Lachnospiraceae","Butyrivibrio","","1.4403E7","2.75049E7","1.5996E7","3.57012E7","3.53234E7","3.00186E7","2.82541E7","2.84478E7","3.11443E7"
"Butyrivibrio fibrisolvens","Species","Bacteria","","Firmicutes","Clostridia","Clostridiales","Lachnospiraceae","Butyrivibrio","Butyrivibrio fibrisolvens","1.4403E7","2.75049E7","1.5996E7","2.26174E7","2.28543E7","1.93321E7","1.77801E7","2.23247E7","1.53187E7"
"Subdoligranulum variabile","Species","Bacteria","","Firmicutes","Clostridia","Clostridiales","Ruminococcaceae","Subdoligranulum","Subdoligranulum variabile","3.6967079E8","4.994596E8","3.829736E8","2.909385E8","2.843314E8","2.9779831E8","2.8695541E8","3.124861E8","2.3456346E8"
"Porphyromonas","Genus","Bacteria","","Bacteroidetes","Bacteroidia","Bacteroidales","Porphyromonadaceae","Porphyromonas","","4.334191E7","1.221907E8","5.668093E7","7.420013E7","6.84862E7","1.26009081E9","5.9658E7","7.99686E7","5.08417E7"
"Prevotella","Genus","Bacteria","","Bacteroidetes","Bacteroidia","Bacteroidales","Prevotellaceae","Prevotella","","3.307609627E10","2.250584649E10","3.183549489E10","7.68254368E9","8.17948422E9","7.5908558E9","7.56176649E9","8.22070531E9","7.70757215E9"
"Anaerofustis stercorihominis","Species","Bacteria","","Firmicutes","Clostridia","Clostridiales","Eubacteriaceae","Anaerofustis","Anaerofustis stercorihominis","2249500.0","6006900.0","2650800.0","7363500.0","8004800.0","9107100.0","1.542935E8","9101300.0","1.641538E8"
"Oscillibacter sp. 1-3","Species","Bacteria","","Firmicutes","Clostridia","Clostridiales","Oscillospiraceae","Oscillibacter","Oscillibacter sp. 1-3","436070.0","0.0","0.0","1.61975E7","1.64785E7","1.05702E7","8539700.0","1.50279E7","1.66967E7"
"Prevotella ruminicola","Species","Bacteria","","Bacteroidetes","Bacteroidia","Bacteroidales","Prevotellaceae","Prevotella","Prevotella ruminicola","4.23156E7","4.57697E7","5.49534E7","3.32995E7","3.32851E7","3.22247E7","3.05203E7","2.95649E7","3.60005E7"
"Roseburia","Genus","Bacteria","","Firmicutes","Clostridia","Clostridiales","Lachnospiraceae","Roseburia","","6.2308417E8","8.4143905E8","6.80398426E8","5.290796834E10","4.715763903E10","4.5096955911E10","4.982015179E10","4.319202949E10","5.622719016E10"
"Alistipes finegoldii","Species","Bacteria","","Bacteroidetes","Bacteroidia","Bacteroidales","Rikenellaceae","Alistipes","Alistipes finegoldii","5.479818E7","7.595014E7","6.020366E7","2.09619793E9","2.2063071E9","2.35442317E9","2.3083635E9","2.17181092E9","1.82067138E9"
"Fusobacterium","Genus","Bacteria","","Fusobacteria","Fusobacteriia","Fusobacteriales","Fusobacteriaceae","Fusobacterium","","0.0","8203600.0","2122800.0","3.49941E7","2.66869E7","9919100.0","1.17706E7","9303500.0","5384000.0"
"Faecalibacterium prausnitzii","Species","Bacteria","","Firmicutes","Clostridia","Clostridiales","Ruminococcaceae","Faecalibacterium","Faecalibacterium prausnitzii","3.206745597E9","5.30421241E9","3.143589857E9","1.944447427E10","1.998446921E10","1.700603676E10","1.937315628E10","2.041431535E10","1.748914786E10"
"Acidaminococcus","Genus","Bacteria","","Firmicutes","Negativicutes","Acidaminococcales","Acidaminococcaceae","Acidaminococcus","","3.49878E7","3.634E7","3.70378E7","1.20357E7","6.78344E7","6.37019E7","1.03217E7","9940500.0","1.326457E7"
"Megasphaera","Genus","Bacteria","","Firmicutes","Negativicutes","Veillonellales","Veillonellaceae","Megasphaera","","1619200.0","2407500.0","1857700.0","3752200.0","5804200.0","5907500.0","8137700.0","5019800.0","3424000.0"
"Dorea","Genus","Bacteria","","Firmicutes","Clostridia","Clostridiales","Lachnospiraceae","Dorea","","1.17782E7","9.29032E7","1.337039E7","9.054376E7","8.62532E7","9.28006E7","1.040883E8","8.204577E7","8.71212E7"
"Spirochaetes","Phylum","Bacteria","","Spirochaetes","","","","","","0.0","0.0","0.0","3.9346E7","2.9111E7","1.462E7","2.8396E7","3.0029E7","1.2565E7"
"Marvinbryantia","Genus","Bacteria","","Firmicutes","Clostridia","Clostridiales","Lachnospiraceae","Marvinbryantia","","1.86506E7","2.4681E7","1.69981E7","4495500.0","8608400.0","2474700.0","3958300.0","8977700.0","1586500.0"
"Spirochaetia","Class","Bacteria","","Spirochaetes","Spirochaetia","","","","","0.0","0.0","0.0","3.9346E7","2.9111E7","1.462E7","2.8396E7","3.0029E7","1.2565E7"
"Bacilli","Class","Bacteria","","Firmicutes","Bacilli","","","","","2.1637108E8","2.7215991E8","2.288965E8","1.631751E8","4.354406E8","3.099886E8","4.1218277E8","2.0094469E8","2.0535912E8"
"Bacteroidia","Class","Bacteria","","Bacteroidetes","Bacteroidia","","","","","5.162294904E10","3.917738639E10","5.1630035028E10","2.391323302E10","2.5312861003E10","2.512453219E10","2.447268985E10","2.546539396E10","2.335435456E10"
"Flavonifractor plautii","Species","Bacteria","","Firmicutes","Clostridia","Clostridiales","","Flavonifractor","Flavonifractor plautii","6690000.0","6948100.0","3614900.0","3.91832E7","4.50548E7","5.05338E7","4.45382E7","4.3568E7","4.8639E7"
"Flavobacteriales","Order","Bacteria","","Bacteroidetes","Flavobacteriia","Flavobacteriales","","","","0.0","1410710.0","442190.0","7.80408E7","6.86115E7","7.36369E7","7.04447E7","5.85133E7","7.62956E7"
"Burkholderiales","Order","Bacteria","","Proteobacteria","Betaproteobacteria","Burkholderiales","","","","2.2609175E8","3.9861046E8","2.7142027E8","5.371075E8","5.2705953E8","4.946037E8","4.722355E8","4.737031E8","5.8550299E8"
"Bacteroidetes","Phylum","Bacteria","","Bacteroidetes","","","","","","5.429892262E10","4.130098385E10","5.4374660658E10","2.524938813E10","2.6729556683E10","2.647916229E10","2.584482791E10","2.68332065E10","2.465077989E10"
"Bacteroides salanitronis","Species","Bacteria","","Bacteroidetes","Bacteroidia","Bacteroidales","Bacteroidaceae","Bacteroides","Bacteroides salanitronis","1.04218E7","9062700.0","1.39045E7","1468900.0","2069300.0","1917300.0","2069300.0","2367000.0","1790600.0"
"Eubacterium plexicaudatum","Species","Bacteria","","Firmicutes","Clostridia","Clostridiales","Eubacteriaceae","Eubacterium","Eubacterium plexicaudatum","0.0","0.0","0.0","1.59639E7","5063700.0","6033200.0","1.77771E7","6647300.0","8910300.0"
"Flavobacteriia","Class","Bacteria","","Bacteroidetes","Flavobacteriia","","","","","0.0","1410710.0","442190.0","7.80408E7","6.86115E7","7.36369E7","7.04447E7","5.85133E7","7.62956E7"
"Bilophila","Genus","Bacteria","","Proteobacteria","Deltaproteobacteria","Desulfovibrionales","Desulfovibrionaceae","Bilophila","","1197100.0","2283700.0","989610.0","2.08889E7","1.56576E7","1.90432E7","3.26379E7","2.34612E7","1.85511E7"
"Butyricicoccus","Genus","Bacteria","","Firmicutes","Clostridia","Clostridiales","Clostridiaceae","Butyricicoccus","","1.10098E7","3.77976E7","1.998243E7","1.3517E7","2.32753E7","1.84865E7","2.513646E7","2.91619E7","1.91977E7"
